{
	"resource_pack_name": "Husky's Custom Elements",
	"texture_name": "atlas.items",
	"texture_data": {
		"HN_earthone": {
			"textures": "textures/items/earthone"
		},
		"HN_earthtwo": {
			"textures": "textures/items/earthtwo"
		},
		"HN_earththree": {
			"textures": "textures/items/earththree"
		},
		"HN_earthfour": {
			"textures": "textures/items/earthfour"
		},
		"HN_earthfive": {
			"textures": "textures/items/earthfive"
		},
		"HN_fireone": {
			"textures": "textures/items/fireone"
		},
		"HN_firetwo": {
			"textures": "textures/items/firetwo"
		},
		"HN_firethree": {
			"textures": "textures/items/firethree"
		},
		"HN_firefour": {
			"textures": "textures/items/firefour"
		},
		"HN_firefive": {
			"textures": "textures/items/firefive"
		},
		"HN_lightningone": {
			"textures": "textures/items/lightningone"
		},
		"HN_lightningtwo": {
			"textures": "textures/items/lightningtwo"
		},
		"HN_lightningthree": {
			"textures": "textures/items/lightningthree"
		},
		"HN_lightningfour": {
			"textures": "textures/items/lightningfour"
		},
		"HN_lightningfive": {
			"textures": "textures/items/lightningfive"
		},
		"HN_windone": {
			"textures": "textures/items/windone"
		},
		"HN_windtwo": {
			"textures": "textures/items/windtwo"
		},
		"HN_windthree": {
			"textures": "textures/items/windthree"
		},
		"HN_windfour": {
			"textures": "textures/items/windfour"
		},
		"HN_windfive": {
			"textures": "textures/items/windfive"
		},
		"HN_waterone": {
			"textures": "textures/items/waterone"
		},
		"HN_watertwo": {
			"textures": "textures/items/watertwo"
		},
		"HN_waterthree": {
			"textures": "textures/items/waterthree"
		},
		"HN_waterfour": {
			"textures": "textures/items/waterfour"
		},
		"HN_waterfive": {
			"textures": "textures/items/waterfive"
		}
	}
}