{
	"format_version" : "1.8.0",
	"animations" : {
		"animation.tsunade.attack_bare_hand" : {
			"loop" : true,
			"bones" : {
				"head" : {
					"rotation" : [ 0.0, 0.0, 0.0 ]
				}
			}
		},
		"animation.tsunade.attack.rotations" : {
			"loop" : true,
			"bones" : {
				"body" : {
					"rotation" : [ 0.0, "variable.attack_body_rot_y", 0.0 ]
				},
				"leftarm" : {
					"rotation" : [ "-(math.sin((1 - math.pow((1 - variable.attack_time), 4)) * 180) * 1.2 + math.sin(variable.attack_time * 180)) * 10.0", 0.0, 0.0 ]
				},
				"rightarm" : {
					"rotation" : [ "-(math.sin((1 - math.pow((1 - variable.attack_time), 4)) * 180) * 1.2 + math.sin(variable.attack_time * 180)) * 30.0", "-(math.sin((1 - math.pow((1 - variable.attack_time), 4)) * 180) ? (-90.0 * math.sin((1 - math.pow((1 - variable.attack_time), 4)) * 180)) + 30.0 : 0.0)", 0.0 ]
				}
			}
		},
		"animation.tsunade.base_pose.upside_down" : {
			"loop" : true,
			"bones" : {
				"waist" : {
					"position" : [ 0.0, 8.0, 0.0 ],
					"rotation" : [ 0.0, 0.0, 180.0 ]
				}
			}
		}
	}
}
