{
    "format_version" : "1.14.0",
    "sound_definitions" : {
        "byakugan": {
            "category": "music",
            "sounds": [
                "sounds/byakugan"
            ]
        },
        "evade": {
            "category": "music",
            "sounds": [
                "sounds/evade"
            ]
        },
        "fucknaruto": {
            "category": "music",
            "sounds": [
                "sounds/fucknaruto"
            ]
        },
        "jutsu": {
            "category": "music",
            "sounds": [
                "sounds/jutsu"
            ]
        },
	  "onlything": {
            "category": "music",
            "sounds": [
                "sounds/onlything"
		]
	  },
        "sharingan": {
            "category": "music",
            "sounds": [
                "sounds/sharingan"
            ]
        },
        "music": {
            "category": "music",
            "sounds": [
                "sounds/music"
		]
	  },
        "evil": {
            "category": "music",
            "sounds": [
                "sounds/evil"
		]
	  },
        "drama": {
            "category": "music",
            "sounds": [
                "sounds/drama"
		]
	  },
        "idle": {
            "category": "music",
            "sounds": [
                "sounds/idle"
		]
	  },
        "beat": {
            "category": "music",
            "sounds": [
                "sounds/beat"
		]
	  },
        "rasengan": {
            "category": "music",
            "sounds": [
                "sounds/rasengan"
		]
	  },
        "radio": {
            "category": "music",
            "sounds": [
                "sounds/radio"
		]
	  },
        "sonar": {
            "category": "music",
            "sounds": [
                "sounds/sonar"
		]
	  },
        "chidori": {
            "category": "music",
            "sounds": [
                "sounds/chidori"
		]
	  },
        "ribbreak": {
            "category": "music",
            "sounds": [
                "sounds/ribbreak"
		]
	  },
        "sharinganms": {
            "category": "music",
            "sounds": [
                "sounds/sharinganms"
		]
	  },
        "creepy": {
            "category": "music",
            "sounds": [
                "sounds/creepy"
		]
	  },
        "creepy2": {
            "category": "music",
            "sounds": [
                "sounds/creepy2"
		]
	  },
        "cia": {
            "category": "music",
            "sounds": [
                "sounds/cia"
		]
	  },
        "heartbeat": {
            "category": "music",
            "sounds": [
                "sounds/heartbeat"
		]
	  },
        "boentheme": {
            "category": "music",
            "sounds": [
                "sounds/boentheme"
		]
	  },
        "womp": {
            "category": "music",
            "sounds": [
                "sounds/womp"
		]
	  },
        "morse": {
            "category": "music",
            "sounds": [
                "sounds/morse"
		]
	  },
        "hqsong": {
            "category": "music",
            "sounds": [
                "sounds/hqsong"
            ]
        }
    }
}