{
	"resource_pack_name": "Husky's Custom Items",
	"texture_name": "atlas.items",
	"texture_data": {
		"HN_sharingan": {
			"textures": "textures/items/sharingan"
		},
		"HN_sharingantwo": {
			"textures": "textures/items/sharingantwo"
		},
		"HN_sharinganthree": {
			"textures": "textures/items/sharinganthree"
		},
		"HN_sharinganms": {
			"textures": "textures/items/sharinganms"
		},
		"HN_sharinganmoveone": {
			"textures": "textures/items/sharinganmoveone"
		},
		"HN_sharinganmovetwo": {
			"textures": "textures/items/sharinganmovetwo"
		},
		"HN_sharinganmovethree": {
			"textures": "textures/items/sharinganmovethree"
		},
		"HN_sharinganmovefour": {
			"textures": "textures/items/sharinganmovefour"
		},
		"HN_sharinganmovefive": {
			"textures": "textures/items/sharinganmovefive"
		},
		"HN_byakugan": {
			"textures": "textures/items/byakugan"
		},
		"HN_ketsurygan": {
			"textures": "textures/items/ketsurygan"
		},
		"HN_ketsuryganone": {
			"textures": "textures/items/ketsuryganone"
		},
		"HN_ketsurygantwo": {
			"textures": "textures/items/ketsurygantwo"
		},
		"HN_ketsuryganthree": {
			"textures": "textures/items/ketsuryganthree"
		},
		"HN_tenseigan": {
			"textures": "textures/items/tenseigan"
		},
		"HN_tenseiganone": {
			"textures": "textures/items/tenseiganone"
		},
		"HN_tenseigantwo": {
			"textures": "textures/items/tenseigantwo"
		},
		"HN_tenseiganthree": {
			"textures": "textures/items/tenseiganthree"
		},
		"HN_rinnegan": {
			"textures": "textures/items/rinnegan"
		},
		"HN_rinnegantwo": {
			"textures": "textures/items/rinnegantwo"
		},
		"HN_rinneganthree": {
			"textures": "textures/items/rinneganthree"
		},
		"HN_rinneganone": {
			"textures": "textures/items/rinneganone"
		},
		"HN_obitoms": {
			"textures": "textures/items/obitoms"
		},
		"HN_shisuims": {
			"textures": "textures/items/shisuims"
		},
		"HN_itachims": {
			"textures": "textures/items/itachims"
		}
	}
}