{
	"format_version": "1.16.100",
	"minecraft:item": {
		"description": {
			"identifier": "hn:sageone",
			"category": "nature"
		},
		"components": {
			"minecraft:icon": {
				"texture": "HN_sageone"
			},
			"minecraft:on_use": {
				"on_use": {
					"event": "activate"
				}
			},
			"minecraft:max_stack_size": 1,
			"minecraft:cooldown": {
			  "category": "sageone",
			  "duration": 8
			}
		},
		"events": {
			"activate": {
				"run_command": {
					"command": [
						"function sageone"
					]
				}
			}
		}
	}
}