{
	"resource_pack_name": "Husky's Custom Items",
	"texture_name": "atlas.items",
	"texture_data": {
		"HN_feathergen": {
			"textures": "textures/items/feathergen"
		},
		"HN_dynamicentry": {
			"textures": "textures/items/dynamicentry"
		},
		"HN_fleetinghorizon": {
			"textures": "textures/items/fleetinghorizon"
		},
		"HN_teleport": {
			"textures": "textures/items/teleport"
		},
		"HN_compone": {
			"textures": "textures/items/compone"
		},
		"HN_comptwo": {
			"textures": "textures/items/comptwo"
		},
		"HN_compthree": {
			"textures": "textures/items/compthree"
		},
		"HN_summon": {
			"textures": "textures/items/summon"
		},
		"HN_substitution": {
			"textures": "textures/items/substitution"
		},
		"HN_shadowclone": {
			"textures": "textures/items/shadowclone"
		},
		"HN_sage": {
			"textures": "textures/items/sage"
		},
		"HN_sageone": {
			"textures": "textures/items/sageone"
		},
		"HN_sagetwo": {
			"textures": "textures/items/sagetwo"
		},
		"HN_sagethree": {
			"textures": "textures/items/sagethree"
		},
		"HN_soldierpill": {
			"textures": "textures/items/soldierpill"
		},
		"HN_soldierpillrecipe": {
			"textures": "textures/items/soldierpillrecipe"
		},
		"HN_otsutsukiblood": {
			"textures": "textures/items/otsutsukiblood"
		},
		"HN_senjubloodcells": {
			"textures": "textures/items/senjubloodcells"
		},
		"HN_reaperdeathseal": {
			"textures": "textures/items/reaperdeathseal"
		},
		"HN_hundredhealings": {
			"textures": "textures/items/hundredhealings"
		},
		"HN_transformation": {
			"textures": "textures/items/transformation"
		},
		"HN_cursemark": {
			"textures": "textures/items/cursemark"
		},
		"HN_eightgates": {
			"textures": "textures/items/eightgates"
		},
		"HN_leafwhirlwind": {
			"textures": "textures/items/leafwhirlwind"
		}
	}
}