{
	"resource_pack_name": "Husky's Custom Items",
	"texture_name": "atlas.items",
	"texture_data": {
		"HN_medical": {
			"textures": "textures/items/medical"
		},
		"HN_medicalone": {
			"textures": "textures/items/medicalone"
		},
		"HN_medicaltwo": {
			"textures": "textures/items/medicaltwo"
		},
		"HN_medicalthree": {
			"textures": "textures/items/medicalthree"
		},
		"HN_medicalfour": {
			"textures": "textures/items/medicalfour"
		},
		"HN_medicalfive": {
			"textures": "textures/items/medicalfive"
		},
		"HN_genjutsuone": {
			"textures": "textures/items/genjutsuone"
		},
		"HN_genjutsutwo": {
			"textures": "textures/items/genjutsutwo"
		},
		"HN_genjutsuthree": {
			"textures": "textures/items/genjutsuthree"
		},
		"HN_genjutsufour": {
			"textures": "textures/items/genjutsufour"
		},
		"HN_genjutsufive": {
			"textures": "textures/items/genjutsufive"
		},
		"HN_assaultone": {
			"textures": "textures/items/assaultone"
		},
		"HN_assaulttwo": {
			"textures": "textures/items/assaulttwo"
		},
		"HN_assaultthree": {
			"textures": "textures/items/assaultthree"
		},
		"HN_assaultfour": {
			"textures": "textures/items/assaultfour"
		},
		"HN_assaultfive": {
			"textures": "textures/items/assaultfive"
		},
		"HN_intelone": {
			"textures": "textures/items/intelone"
		},
		"HN_inteltwo": {
			"textures": "textures/items/inteltwo"
		},
		"HN_intelthree": {
			"textures": "textures/items/intelthree"
		},
		"HN_intelfour": {
			"textures": "textures/items/intelfour"
		},
		"HN_intelfive": {
			"textures": "textures/items/intelfive"
		},
		"HN_sensoryone": {
			"textures": "textures/items/sensoryone"
		},
		"HN_sensorytwo": {
			"textures": "textures/items/sensorytwo"
		},
		"HN_sensorythree": {
			"textures": "textures/items/sensorythree"
		},
		"HN_sensoryfour": {
			"textures": "textures/items/sensoryfour"
		},
		"HN_sensoryfive": {
			"textures": "textures/items/sensoryfive"
		}
	}
}