{
  "format_version": "1.10.0",
  "minecraft:client_entity": {
    "description": {
      "identifier": "npc:npc_custom_slim",
      "materials": {
        "default": "skeleton"
      },
      "textures": {
		"custom0": "textures/custom_slim/custom0",
		"custom1": "textures/custom_slim/custom1",
		"custom2": "textures/custom_slim/custom2",
		"custom3": "textures/custom_slim/custom3",
		"custom4": "textures/custom_slim/custom4",
		"custom5": "textures/custom_slim/custom5",
		"custom6": "textures/custom_slim/custom6",
		"custom7": "textures/custom_slim/custom7",
		"custom8": "textures/custom_slim/custom8",
		"custom9": "textures/custom_slim/custom9",
		"custom10": "textures/custom_slim/custom10",
		"custom11": "textures/custom_slim/custom11",
		"custom12": "textures/custom_slim/custom12",
		"custom13": "textures/custom_slim/custom13",
		"custom14": "textures/custom_slim/custom14",
		"custom15": "textures/custom_slim/custom15",
		"custom16": "textures/custom_slim/custom16",
		"custom17": "textures/custom_slim/custom17",
		"custom18": "textures/custom_slim/custom18",
		"custom19": "textures/custom_slim/custom19",
		"custom20": "textures/custom_slim/custom20"
      },
      "geometry": {
        "custom0": "geometry.custom0_slim",
		"custom1": "geometry.custom1_slim",
		"custom2": "geometry.custom2_slim",
		"custom3": "geometry.custom3_slim",
		"custom4": "geometry.custom4_slim",
		"custom5": "geometry.custom5_slim",
		"custom6": "geometry.custom6_slim",
		"custom7": "geometry.custom7_slim",
		"custom8": "geometry.custom8_slim",
		"custom9": "geometry.custom9_slim",
		"custom10": "geometry.custom10_slim",
		"custom11": "geometry.custom11_slim",
		"custom12": "geometry.custom12_slim",
		"custom13": "geometry.custom13_slim",
		"custom14": "geometry.custom14_slim",
		"custom15": "geometry.custom15_slim",
		"custom16": "geometry.custom16_slim",
		"custom17": "geometry.custom17_slim",
		"custom18": "geometry.custom18_slim",
		"custom19": "geometry.custom19_slim",
		"custom20": "geometry.custom20_slim"
      },
			"scripts": {
			"pre_animation": [
			"variable.tcos0 = (math.cos(query.modified_distance_moved * 38.17) * query.modified_move_speed / variable.gliding_speed_value) * 57.3;"
        ],
        "animate": [
			"look_at_target"

        ]
      },
      "animations": {
		"look_at_target": "animation.common.look_at_target"
      },
      "render_controllers": [ "controller.render.npc_custom_slim" ],
      "spawn_egg": {
        "texture": "spawn_egg",
        "texture_index": 35
      }
    }
  }
}