{
  "format_version": "1.10.0",
  "minecraft:client_entity": {
    "description": {
      "identifier": "npc:npc_animals",
      "materials": {
        "default": "entity_alphatest",
		"squid": "squid",
		"sheep": "sheep"
      },
      "textures": {
        
		
		"animal0": "textures/entity/wolf/wolf",
		"animal1": "textures/entity/pig/pig",
		"animal2": "textures/entity/cow/cow",
		"animal3": "textures/entity/horse/horse_brown",
		"animal4":  "textures/entity/cat/ocelot",
		"animal5":  "textures/entity/cat/jellie",
		"animal6":  "textures/entity/chicken",
		"animal7":  "textures/entity/horse/donkey",
		"animal8":  "textures/entity/fox/fox",
		"animal9":  "textures/entity/fox/arctic_fox",
		"animal10":  "textures/entity/llama/llama_creamy",
		"animal11":  "textures/entity/cow/mooshroom",
		"animal12":  "textures/entity/cow/brown_mooshroom",
		"animal13":  "textures/entity/panda/panda",
		"animal14":  "textures/entity/parrot/parrot_blue",
		"animal15":  "textures/entity/polarbear",
		"animal16":  "textures/entity/rabbit/brown",
		"animal17":  "textures/entity/strider/strider",
		"animal18":  "textures/entity/bat",
		"animal19":  "textures/entity/bee/bee",
		"animal20":  "textures/entity/axolotl/axolotl_lucy",
		"animal21":  "textures/entity/goat/goat",
		"animal22":  "textures/entity/glow_squid/glow_squid2",
		"animal23":  "textures/entity/squid",
		"animal24":  "textures/entity/sheep/sheep",
		"animal25":  "textures/entity/reindeer"
      },
      "geometry": {
		"sheep_sheared": "geometry.sheep.sheared",  
		  
        "animal0": "geometry.wolf_npc",
		"animal1": "geometry.pig.v1.8",
		"animal2": "geometry.cow.v1.8",
		"animal3": "geometry.horse_npc",
		"animal4": "geometry.ocelot.v1.8",
		"animal5": "geometry.cat",
		"animal6": "geometry.chicken.v1.12",
		"animal7": "geometry.horse_npc",
		"animal8": "geometry.fox",
		"animal9": "geometry.fox",
		"animal10": "geometry.llama.v1.8",
		"animal11": "geometry.mooshroom.v1.8",
		"animal12": "geometry.mooshroom.v1.8",
		"animal13": "geometry.panda",
		"animal14": "geometry.parrot",
		"animal15": "geometry.polarbear",
		"animal16": "geometry.rabbit.v1.8",
		"animal17": "geometry.strider",
		"animal18": "geometry.bat",
		"animal19": "geometry.bee_npc",
		"animal20": "geometry.axolotl",
		"animal21": "geometry.goat",
		"animal22": "geometry.squid2",
		"animal23": "geometry.squid2",
		"animal24": "geometry.sheep",
		"animal25": "geometry.reindeer"
      },
			"scripts": {
			"pre_animation": [
          "variable.animation_speed = Math.min(query.modified_move_speed, 0.25);",
          "variable.speed = 85.9437;",
          "variable.bristle_flow=Math.cos(query.modified_distance_moved * variable.speed + 180) * variable.animation_speed;",
		  "variable.bristle_range_mod=1;",
          "variable.bristle_speed_mod=1;",
		  "variable.pitch = query.body_x_rotation;",
		  "variable.tcos_right_side = (Math.cos(query.modified_distance_moved * 38.17) * query.modified_move_speed / variable.gliding_speed_value) * 57.3;",
          "variable.tcos_left_side = -variable.tcos_right_side;"
        ],
        "animate": [
			{"look_at_target": "(query.variant!=3 && query.variant!=7)"},
			{"wolf_setup": "query.variant==0"},
			{"wolf_move": "q.variant == 25 || q.variant == 24 || query.variant==0 || query.variant==1 || query.variant==2 || query.variant==3 || query.variant==7 || query.variant==8 || query.variant==9 || query.variant==10 || query.variant==11 || query.variant==12 || query.variant==13 || query.variant==15"},
			{"wolf_tail_default": "query.variant==0"},
			{"pig_setup": "query.variant==1"},
			{"cow_setup": "query.variant==2"},
			{"llama_setup": "query.variant==10"},
			{"mooshroom_setup": "query.variant==11 || query.variant==12"},
			{"bat_setup": "query.variant==18"},
			{"bee_setup": "query.variant==19"},
			{"strider_walk": "query.variant==17"},
			{"bristle_flow": "query.variant==17"},
			{"strider_look": "query.variant==17"},
			{"cat_walk": "query.variant==4 || query.variant==5"},
			{"chicken_walk": "query.variant==6"},
			{"parrot_move": "query.variant==14"},
			{"idle_floor": "query.variant==20 && !query.is_in_contact_with_water"},
			{"idle_floor_water": "query.variant==20 && query.is_in_contact_with_water"},
			{"move_squid": "query.variant==22 || query.variant==23"},
			{"walk_goat": "query.variant==21"},
			{"setup_sheep": "query.variant==24"},
			{"reindeer_setup": "query.variant==25"}

        ]
      },
      "animations": {
		"reindeer_setup": "animation.llama.setup",
		"reindeer_walk": "animation.reindeer.walk",
		"walk_sheep": "animation.quadruped.walk",
		"setup_sheep": "animation.sheep.setup",
		"wolf_setup": "animation.wolf.setup",
		"wolf_tail_default": "animation.wolf.tail_default",
		"pig_setup": "animation.pig.setup",
		"cow_setup": "animation.cow.setup",
		"llama_setup": "animation.llama.setup",
		"mooshroom_setup": "animation.mooshroom.setup",
		"bat_setup": "animation.bat.flying",
		"bee_setup": "animation.bee.flying",
		"bristle_flow": "animation.strider.bristle_flow",
		"strider_look": "animation.strider.look_at_target.default",
		"look_at_target": "animation.common.look_at_target",
		"wolf_move": "animation.wolf.leg_default",
		"quad_move": "animation.quadruped.walk",
		"cat_walk": "animation.cat.walk",
		"chicken_walk": "animation.chicken.move",
		"parrot_move": "animation.parrot.moving",
		"polar_move": "animation.polarbear.move",
		"strider_walk": "animation.strider.walk",
		"idle_floor": "animation.axolotl.idle_floor",
		"idle_floor_water": "animation.axolotl.idle_floor_underwater",
		"move_squid": "animation.squid.rotate",
		"walk_goat": "animation.goat.walk"
      },
      "render_controllers": [
	  "controller.render.npc_animals",
	  {"controller.render.npc_animals_variant": "query.variant == 24"}
	  ],
      "spawn_egg": {
        "texture": "spawn_egg",
        "texture_index": 35
      }
    }
  }
}