{
  "format_version": "1.10.0",
  "minecraft:client_entity": {
    "description": {
      "identifier": "npc:npc_custom",
      "materials": {
        "default": "skeleton"
      },
      "textures": {
		"custom0": "textures/custom/custom0",
		"custom1": "textures/custom/custom1",
		"custom2": "textures/custom/custom2",
		"custom3": "textures/custom/custom3",
		"custom4": "textures/custom/custom4",
		"custom5": "textures/custom/custom5",
		"custom6": "textures/custom/custom6",
		"custom7": "textures/custom/custom7",
		"custom8": "textures/custom/custom8",
		"custom9": "textures/custom/custom9",
		"custom10": "textures/custom/custom10",
		"custom11": "textures/custom/custom11",
		"custom12": "textures/custom/custom12",
		"custom13": "textures/custom/custom13",
		"custom14": "textures/custom/custom14",
		"custom15": "textures/custom/custom15",
		"custom16": "textures/custom/custom16",
		"custom17": "textures/custom/custom17",
		"custom18": "textures/custom/custom18",
		"custom19": "textures/custom/custom19",
		"custom20": "textures/custom/custom20"
      },
      "geometry": {
        "custom0": "geometry.custom0",
		"custom1": "geometry.custom1",
		"custom2": "geometry.custom2",
		"custom3": "geometry.custom3",
		"custom4": "geometry.custom4",
		"custom5": "geometry.custom5",
		"custom6": "geometry.custom6",
		"custom7": "geometry.custom7",
		"custom8": "geometry.custom8",
		"custom9": "geometry.custom9",
		"custom10": "geometry.custom10",
		"custom11": "geometry.custom11",
		"custom12": "geometry.custom12",
		"custom13": "geometry.custom13",
		"custom14": "geometry.custom14",
		"custom15": "geometry.custom15",
		"custom16": "geometry.custom16",
		"custom17": "geometry.custom17",
		"custom18": "geometry.custom18",
		"custom19": "geometry.custom19",
		"custom20": "geometry.custom20"
      },
			"scripts": {
			"pre_animation": [
			"variable.tcos0 = (math.cos(query.modified_distance_moved * 38.17) * query.modified_move_speed / variable.gliding_speed_value) * 57.3;"
        ],
        "animate": [
			"look_at_target"

        ]
      },
      "animations": {
		"look_at_target": "animation.common.look_at_target"
      },
      "render_controllers": [ "controller.render.npc_custom" ],
      "spawn_egg": {
        "texture": "spawn_egg",
        "texture_index": 35
      }
    }
  }
}