{
  "format_version": "1.10.0",
  "minecraft:client_entity": {
    "description": {
      "identifier": "npc:npc_monsters",
      "materials": {
        "default": "entity_alphatest"
      },
      "textures": {
		"overlay_stray": "textures/entity/skeleton/stray_overlay",
	  
		"monster0": "textures/entity/spider/spider",
		"monster1": "textures/entity/creeper/creeper",
		"monster2": "textures/entity/guardian",
		"monster3": "textures/entity/hoglin/hoglin",
		"monster4": "textures/entity/zombie/husk",
		"monster5": "textures/entity/phantom",
		"monster6": "textures/entity/piglin/piglin",
		"monster7": "textures/entity/piglin/piglin",
		"monster8": "textures/entity/illager/ravager",
		"monster9": "textures/entity/shulker/shulker_undyed",
		"monster10": "textures/entity/silverfish",
		"monster11": "textures/entity/skeleton/skeleton",
		"monster12": "textures/entity/horse/horse_zombie",
		"monster13": "textures/entity/snow_golem",
		"monster14": "textures/entity/skeleton/stray",
		"monster15": "textures/entity/vex/vex",
		"monster16": "textures/entity/wither_boss/wither",
		"monster17": "textures/entity/skeleton/wither_skeleton",
		"monster18": "textures/entity/zoglin/zoglin",
		"monster19": "textures/entity/zombie/zombie",
		"monster20": "textures/entity/pig/pigzombie",
		"monster21": "textures/entity/zombie_villager2/zombie-villager",
		"monster22": "textures/entity/pillager",
		"monster23": "textures/entity/vindicator",
		"monster24": "textures/entity/witch",
		"monster25": "textures/entity/illager/evoker",
		"monster26": "textures/entity/iron_golem",
		"monster27": "textures/entity/enderman/enderman",
		"monster28": "textures/entity/endermite",
		"monster29": "textures/entity/ghast/ghast"
      },
      "geometry": {
		"overlay_stray": "geometry.stray.armor.v1.8",
	  
        "monster0": "geometry.spider.v1.8",
		"monster1": "geometry.creeper.v1.8",
		"monster2": "geometry.guardian.npc",
		"monster3": "geometry.hoglin_npc",
		"monster4": "geometry.zombie.husk",
		"monster5": "geometry.phantom",
		"monster6": "geometry.piglin",
		"monster7": "geometry.piglin",
		"monster8": "geometry.ravager",
		"monster9": "geometry.shulker",
		"monster10": "geometry.silverfish",
		"monster11": "geometry.skeleton",
		"monster12": "geometry.horse_npc",
		"monster13": "geometry.snowgolem.v1.8",
		"monster14": "geometry.skeleton.stray",
		"monster15": "geometry.vex",
		"monster16": "geometry.witherBoss",
		"monster17": "geometry.skeleton.wither",
		"monster18": "geometry.hoglin_npc",
		"monster19": "geometry.zombie.v1.8",
		"monster20": "geometry.pigzombie",
		"monster21": "geometry.zombie.villager_v2",
		"monster22": "geometry.pillager",
		"monster23": "geometry.vindicator",
		"monster24": "geometry.villager.witch",
		"monster25": "geometry.evoker",
		"monster26": "geometry.irongolem",
		"monster27": "geometry.enderman",
		"monster28": "geometry.endermite",
		"monster29": "geometry.ghast_npc"
      },
			"scripts": {
			"pre_animation": [
          "variable.wingRotZ = 16.0 * Math.sin((variable.RuntimeID * 3 + query.life_time * 20.0) * 7.448454);",
          "variable.tailRotX = -5.0 * Math.sin((variable.RuntimeID * 3 + query.life_time * 20.0) * 14.896908) - 5.0;",
		  "variable.spike_shake = Math.sin(query.life_time * 2000)/50;",
		  "variable.spike_animation_speed = query.life_time < 0.1 ? 0.0 : (!query.is_in_water ? (Math.round(Math.sin(query.life_time * 2000)) == 0.0 ? (Math.random(0.0, 1.0)) : (variable.spike_animation_speed)) : (query.is_moving ? (variable.spike_animation_speed - variable.spike_animation_speed * 0.06) : (variable.spike_animation_speed + (1.0 - variable.spike_animation_speed) * 0.06)));",
		  "variable.spike_extension = (1.0 - variable.spike_animation_speed) * 0.55;",
		  "variable.tail_base_angle = Math.sin(variable.tail_swim*20.0);",
		  "variable.tcos0 = (Math.cos(query.modified_distance_moved * 38.17) * query.modified_move_speed / variable.gliding_speed_value) * 57.3;",
		  "variable.attack_body_rot_y = Math.sin(360*Math.sqrt(variable.attack_time)) * 5.0;"
        ],
        "animate": [
			{"look": "query.variant!=12 && query.variant!=24"},
			{"look_at_target_spider": "query.variant==0"},			
			{"spider_setup": "query.variant==0"},
			
			{"humanoid_pose_setup": "(query.variant==4 || query.variant==6 || query.variant==7 || query.variant==11 || query.variant==14 || query.variant==15 || query.variant==17 || query.variant==22) && !query.is_moving"},
			{"barehand_pose_setup": "(query.variant==4 || query.variant==19 || query.variant==20 || query.variant==21) && !query.is_moving"},
			{"phantom_setup": "query.variant==5"},
			{"phantom_move": "query.variant==5"},
			{"vex_move": "query.variant==15"},
			{"vindicator_setup": "query.variant==23"},
			{"villager_setup": "query.variant==24"},
			{"enderman_pose": "query.variant==27"},
			
			{"spider_walk": "query.variant==0"},
			{"creeper_legs": "query.variant==1"},
			{"human_move": "query.variant==4 || query.variant==6 || query.variant==10 || query.variant==13 || query.variant==16 || query.variant==18 || query.variant==19 || query.variant==20 || query.variant==21 || query.variant==25"},
			{"silverfish_move": "query.variant==9"},
			{"four_legs": "query.variant==11 || query.variant==3 || query.variant==17 || query.variant==7"},
			{"villager_move": "query.variant==22 || query.variant==23"},
			{"ig_move": "query.variant==24"}
        ]
      },
      "animations": {
		"look": "animation.humanoid.look_at_target.default.v1.0",
		"scary_face": "animation.enderman.scary_face_v1.0",
		"look_at_target_spider": "animation.spider.look_at_target",
		"spider_setup": "animation.spider.default_leg_pose",
		"guardian_setup": "animation.guardian.setup",
		"guardian_setup2": "animation.guardian.spikes",
		"guardian_setup3": "animation.guardian.move_eye",
		"humanoid_pose_setup": "animation.humanoid.base_pose.v1.0",
		"barehand_pose_setup": "animation.zombie.attack_bare_hand",
		"phantom_setup": "animation.phantom.base_pose",
		"phantom_move": "animation.phantom.move",
		"celebrate_hunt": "animation.piglin.celebrate_hunt_special",
		"vex_move": "animation.vex.move",
		"vindicator_setup": "animation.vindicator.base",
		"villager_setup": "animation.villager.general.v1.0",
		"enderman_pose": "animation.enderman.base_pose_v1.0",
		"spider_walk": "animation.spider.walk",
		"creeper_legs": "animation.creeper.legs",
		"hoglin_walk": "animation.hoglin.walk",
		"human_move": "animation.player.move.legs",
		"ravager_walk": "animation.ravager.walk",
		"silverfish_move": "animation.silverfish.move",
		"four_legs": "animation.wolf.leg_default",
		"villager_move": "animation.villager.move",
		"ig_move": "animation.iron_golem.move"
      },
      "render_controllers": [
		"controller.render.npc_monsters",
		{"controller.render.stray_overlay": "query.variant==14"}
	  ],
      "spawn_egg": {
        "texture": "spawn_egg",
        "texture_index": 35
      }
    }
  }
}