{
	"format_version": "1.16.100",
	"minecraft:item": {
		"description": {
			"identifier": "hn:substitution",
			"category": "nature"
		},
		"components": {
			"minecraft:icon": {
				"texture": "HN_substitution"
			},
			"minecraft:on_use": {
				"on_use": {
					"event": "activate"
				}
			}
		},
		"events": {
			"activate": {
				"run_command": {
					"command": [
						"say a"
						"execute if entity @s[scores = {substitutioncd = 0,substitution = 1,c = 5..}] run say §oSubstitution Jutsu!",
						"execute if entity @s[scores = {substitutioncd = 0,substitution = 1,c = 5..}] run effect @s slow_falling 5 0 true",
						"execute if entity @s[scores = {substitutioncd = 0,substitution = 1,c = 5..}] run effect @s invisibility 5 0 true",
						"execute if entity @s[scores = {substitutioncd = 0,substitution = 1,c = 5..}] run particle minecraft:water_evaporation-bucket_emitter ~ ~+1 ~",
						"execute if entity @s[scores = {substitutioncd = 0,substitution = 1,c = 5..}] run playsound evade @a[r = 15]",
						"execute if entity @s[scores = {substitutioncd = 0,substitution = 1,c = 5..}] run teleport ~ ~+5 ~",
						"execute if entity @s[scores = {substitutioncd = 0,substitution = 1,c = 5..}] run scoreboard players set @s substitutioncd 10",
						"say Root A Works"
					]
				}
			}
		}
	}
}