{
	"format_version": "1.8.0",
	"geometry.ghast": {
		"visible_bounds_width": 6,
		"visible_bounds_height": 9,
		"visible_bounds_offset": [0, 4.5, 0],
		"texturewidth": 64,
		"textureheight": 32,
		"bones": [
			{
				"name": "tentacles_0",
				"parent": "body",
				"pivot": [-3.8, 1, -5],
				"cubes": [
					{"origin": [-4.8, -8, -6], "size": [2, 9, 2], "uv": [0, 0]}
				]
			},
			{
				"name": "tentacles_1",
				"parent": "body",
				"pivot": [1.3, 1, -5],
				"cubes": [
					{"origin": [0.3, -10, -6], "size": [2, 11, 2], "uv": [0, 0]}
				]
			},
			{
				"name": "tentacles_2",
				"parent": "body",
				"pivot": [6.3, 1, -5],
				"cubes": [
					{"origin": [5.3, -7, -6], "size": [2, 8, 2], "uv": [0, 0]}
				]
			},
			{
				"name": "tentacles_3",
				"parent": "body",
				"pivot": [-6.3, 1, 0],
				"cubes": [
					{"origin": [-7.3, -8, -1], "size": [2, 9, 2], "uv": [0, 0]}
				]
			},
			{
				"name": "tentacles_4",
				"parent": "body",
				"pivot": [-1.3, 1, 0],
				"cubes": [
					{"origin": [-2.3, -12, -1], "size": [2, 13, 2], "uv": [0, 0]}
				]
			},
			{
				"name": "tentacles_5",
				"parent": "body",
				"pivot": [3.8, 1, 0],
				"cubes": [
					{"origin": [2.8, -10, -1], "size": [2, 11, 2], "uv": [0, 0]}
				]
			},
			{
				"name": "tentacles_6",
				"parent": "body",
				"pivot": [-3.8, 1, 5],
				"cubes": [
					{"origin": [-4.8, -11, 4], "size": [2, 12, 2], "uv": [0, 0]}
				]
			},
			{
				"name": "tentacles_7",
				"parent": "body",
				"pivot": [1.3, 1, 5],
				"cubes": [
					{"origin": [0.3, -11, 4], "size": [2, 12, 2], "uv": [0, 0]}
				]
			},
			{
				"name": "tentacles_8",
				"parent": "body",
				"pivot": [6.3, 1, 5],
				"cubes": [
					{"origin": [5.3, -12, 4], "size": [2, 13, 2], "uv": [0, 0]}
				]
			},
			{
				"name": "body",
				"pivot": [0, 1.5, 0],
				"cubes": [
					{"origin": [-8, 0, -8], "size": [16, 16, 16], "uv": [0, 0]}
				]
			}
		]
	},
	"geometry.ghast_npc": {
		"texturewidth": 64,
		"textureheight": 32,
		"visible_bounds_width": 6,
		"visible_bounds_height": 9,
		"visible_bounds_offset": [0, 4.5, 0],
		"bones": [
			{
				"name": "body",
				"pivot": [0, 14.5, 0],
				"cubes": [
					{"origin": [-8, 14, -8], "size": [16, 16, 16], "uv": [0, 0]}
				]
			},
			{
				"name": "tentacles_0",
				"parent": "body",
				"pivot": [-3.8, 14, -5],
				"cubes": [
					{"origin": [-4.8, 6, -6], "size": [2, 9, 2], "uv": [0, 0]}
				]
			},
			{
				"name": "tentacles_1",
				"parent": "body",
				"pivot": [1.3, 14, -5],
				"cubes": [
					{"origin": [0.3, 4, -6], "size": [2, 11, 2], "uv": [0, 0]}
				]
			},
			{
				"name": "tentacles_2",
				"parent": "body",
				"pivot": [6.3, 14, -5],
				"cubes": [
					{"origin": [5.3, 7, -6], "size": [2, 8, 2], "uv": [0, 0]}
				]
			},
			{
				"name": "tentacles_3",
				"parent": "body",
				"pivot": [-6.3, 14, 0],
				"cubes": [
					{"origin": [-7.3, 6, -1], "size": [2, 9, 2], "uv": [0, 0]}
				]
			},
			{
				"name": "tentacles_4",
				"parent": "body",
				"pivot": [-1.3, 14, 0],
				"cubes": [
					{"origin": [-2.3, 2, -1], "size": [2, 13, 2], "uv": [0, 0]}
				]
			},
			{
				"name": "tentacles_5",
				"parent": "body",
				"pivot": [3.8, 14, 0],
				"cubes": [
					{"origin": [2.8, 4, -1], "size": [2, 11, 2], "uv": [0, 0]}
				]
			},
			{
				"name": "tentacles_6",
				"parent": "body",
				"pivot": [-3.8, 14, 5],
				"cubes": [
					{"origin": [-4.8, 3, 4], "size": [2, 12, 2], "uv": [0, 0]}
				]
			},
			{
				"name": "tentacles_7",
				"parent": "body",
				"pivot": [1.3, 14, 5],
				"cubes": [
					{"origin": [0.3, 3, 4], "size": [2, 12, 2], "uv": [0, 0]}
				]
			},
			{
				"name": "tentacles_8",
				"parent": "body",
				"pivot": [6.3, 14, 5],
				"cubes": [
					{"origin": [5.3, 2, 4], "size": [2, 13, 2], "uv": [0, 0]}
				]
			}
		]
	}
}