{
	"format_version": "1.12.0",
	"minecraft:geometry": [
		{
			"description": {
				"identifier": "geometry.reindeer",
				"texture_width": 128,
				"texture_height": 128,
				"visible_bounds_width": 9,
				"visible_bounds_height": 4.25,
				"visible_bounds_offset": [0, 1.875, 0]
			},
			"bones": [
				{
					"name": "body",
					"pivot": [0, 19, 0],
					"cubes": [
						{"origin": [-6, 11, -7], "size": [12, 18, 10], "pivot": [0, 19, 0], "rotation": [90, 0, 0], "uv": [29, 0]},
						{"origin": [-2, 17, -10], "size": [4, 8, 2], "pivot": [0, 19, 0], "rotation": [180, 0, 0], "uv": [87, 10]}
					]
				},
				{
					"name": "sleigh",
					"parent": "body",
					"pivot": [0, 19, 0],
					"cubes": [
						{"origin": [6, 0, 24], "size": [2, 2, 28], "uv": [0, 83]},
						{"origin": [-8, 0, 24], "size": [2, 2, 28], "uv": [0, 83]},
						{"origin": [6, 5.5, 31], "size": [2, 2, 16], "uv": [0, 65]},
						{"origin": [-6, 5.5, 31], "size": [12, 2, 16], "uv": [56, 102]},
						{"origin": [-6, 7.5, 31], "size": [12, 2, 16], "uv": [72, 67]},
						{"origin": [6, 5.65, 48.25], "size": [2, 2, 3], "pivot": [8, 7, 49], "rotation": [25, 0, 0], "uv": [0, 83]},
						{"origin": [6, -0.6, 48.5], "size": [2, 2, 5], "pivot": [8, 7, 49], "rotation": [25, 0, 0], "uv": [0, 88]},
						{"origin": [-8, -0.6, 48.5], "size": [2, 2, 5], "pivot": [8, 7, 49], "rotation": [25, 0, 0], "uv": [0, 88]},
						{"origin": [-8, 5.65, 48.25], "size": [2, 2, 3], "pivot": [8, 7, 49], "rotation": [25, 0, 0], "uv": [0, 83]},
						{"origin": [-8, 5.5, 31], "size": [2, 2, 16], "uv": [0, 65]},
						{"origin": [-8, 2, 23], "size": [2, 4, 2], "uv": [0, 75]},
						{"origin": [6, 2, 23], "size": [2, 4, 2], "uv": [0, 75]},
						{"origin": [6, 21, 21], "size": [2, 4, 2], "uv": [0, 75]},
						{"origin": [-8, 21, 21], "size": [2, 4, 2], "uv": [0, 75]},
						{"origin": [-8, 6, 21], "size": [2, 7, 2], "uv": [0, 65]},
						{"origin": [6, 6, 21], "size": [2, 7, 2], "uv": [0, 65]},
						{"origin": [6, 7, 24.75], "size": [2, 6, 2], "pivot": [8, 13, 25], "rotation": [15, 0, 0], "uv": [0, 65]},
						{"origin": [-8, 7, 24.75], "size": [2, 6, 2], "pivot": [8, 13, 25], "rotation": [15, 0, 0], "uv": [0, 65]},
						{"origin": [-6, 7, 24.75], "size": [12, 6, 2], "pivot": [8, 13, 25], "rotation": [15, 0, 0], "uv": [56, 120]},
						{"origin": [6, 4.62312, 26.16691], "size": [2, 5, 2], "pivot": [8, 8.5, 28], "rotation": [70, 0, 0], "uv": [0, 65]},
						{"origin": [-8, 4.62312, 26.16691], "size": [2, 5, 2], "pivot": [8, 8.5, 28], "rotation": [70, 0, 0], "uv": [0, 65]},
						{"origin": [-6, 4.62312, 26.16691], "size": [12, 5, 2], "pivot": [8, 8.5, 28], "rotation": [70, 0, 0], "uv": [84, 121]},
						{"origin": [6, 13, 19], "size": [2, 8, 2], "uv": [0, 65]},
						{"origin": [6, 14, 18], "size": [2, 6, 2], "pivot": [8, 13, 21], "rotation": [-42.5, 0, 0], "uv": [0, 65]},
						{"origin": [-8, 14, 18], "size": [2, 6, 2], "pivot": [8, 13, 21], "rotation": [-42.5, 0, 0], "uv": [0, 65]},
						{"origin": [-8, 9, 27], "size": [2, 6, 2], "pivot": [8, 13, 21], "rotation": [-42.5, 0, 0], "uv": [0, 65]},
						{"origin": [-8, 11, 34], "size": [2, 6, 2], "pivot": [8, 13, 21], "rotation": [-42.5, 0, 0], "uv": [0, 65]},
						{"origin": [-8, 11, 34], "size": [2, 6, 2], "pivot": [8, 13, 21], "rotation": [-42.5, 0, 0], "uv": [0, 65]},
						{"origin": [6, 11, 34], "size": [2, 6, 2], "pivot": [8, 13, 21], "rotation": [-42.5, 0, 0], "uv": [0, 65]},
						{"origin": [-8, 16, 40], "size": [2, 6, 2], "pivot": [8, 13, 21], "rotation": [-42.5, 0, 0], "uv": [0, 65]},
						{"origin": [6, 16, 40], "size": [2, 6, 2], "pivot": [8, 13, 21], "rotation": [-42.5, 0, 0], "uv": [0, 65]},
						{"origin": [6, 9, 27], "size": [2, 6, 2], "pivot": [8, 13, 21], "rotation": [-42.5, 0, 0], "uv": [0, 65]},
						{"origin": [6, 9.3861, 23.84986], "size": [2, 7, 2], "pivot": [8, 12, 23], "rotation": [52.5, 0, 0], "uv": [0, 65]},
						{"origin": [-8, 9.3861, 23.84986], "size": [2, 7, 2], "pivot": [8, 12, 23], "rotation": [52.5, 0, 0], "uv": [0, 65]},
						{"origin": [-8, 0.3861, 17.84986], "size": [2, 7, 2], "pivot": [8, 12, 23], "rotation": [52.5, 0, 0], "uv": [0, 65]},
						{"origin": [-8, -6.6139, 22.84986], "size": [2, 7, 2], "pivot": [8, 12, 23], "rotation": [52.5, 0, 0], "uv": [0, 65]},
						{"origin": [6, -6.6139, 22.84986], "size": [2, 7, 2], "pivot": [8, 12, 23], "rotation": [52.5, 0, 0], "uv": [0, 65]},
						{"origin": [-8, -14.6139, 28.84986], "size": [2, 8, 2], "pivot": [8, 12, 23], "rotation": [52.5, 0, 0], "uv": [0, 65]},
						{"origin": [6, -14.6139, 28.84986], "size": [2, 8, 2], "pivot": [8, 12, 23], "rotation": [52.5, 0, 0], "uv": [0, 65]},
						{"origin": [6, 0.3861, 17.84986], "size": [2, 7, 2], "pivot": [8, 12, 23], "rotation": [52.5, 0, 0], "uv": [0, 65]},
						{"origin": [6, 8, 27], "size": [2, 8, 2], "uv": [0, 65]},
						{"origin": [6.5, 7, 29], "size": [1, 12, 21], "uv": [32, 69]},
						{"origin": [-7.5, 7, 29], "size": [1, 12, 21], "uv": [32, 69], "mirror": true},
						{"origin": [6, 5.5, 47], "size": [2, 8, 2], "uv": [0, 65]},
						{"origin": [-8, 5.5, 47], "size": [2, 8, 2], "uv": [0, 65]},
						{"origin": [-6, 6.5, 47], "size": [12, 7, 2], "uv": [96, 109]},
						{"origin": [6, 13.5, 49], "size": [2, 8, 2], "uv": [0, 65]},
						{"origin": [-6, 19.5, 49], "size": [12, 2, 2], "uv": [0, 107]},
						{"origin": [-6, 21.5, 50], "size": [12, 2, 2], "uv": [0, 107]},
						{"origin": [-6, 18.5, 52], "size": [12, 3, 2], "uv": [0, 102]},
						{"origin": [-8, 13.5, 49], "size": [2, 8, 2], "uv": [0, 65]},
						{"origin": [-6, 13.5, 49], "size": [12, 6, 2], "uv": [96, 99]},
						{"origin": [-6, 7.5, 47], "size": [12, 12, 2], "pivot": [0, 19, 49], "rotation": [-20, 0, 0], "uv": [96, 85]},
						{"origin": [-8, 8, 27], "size": [2, 8, 2], "uv": [0, 65]},
						{"origin": [6, 16, 29], "size": [2, 5, 2], "uv": [0, 65]},
						{"origin": [6, 14, 31], "size": [2, 2, 12], "uv": [0, 113]},
						{"origin": [6, 14.44313, 42.25687], "size": [2, 2, 10], "pivot": [8, 15.25, 43.25], "rotation": [37, 0, 0], "uv": [0, 113]},
						{"origin": [-8, 14.44313, 42.25687], "size": [2, 2, 10], "pivot": [8, 15.25, 43.25], "rotation": [37, 0, 0], "uv": [0, 113]},
						{"origin": [-8, 14, 31], "size": [2, 2, 12], "uv": [0, 113]},
						{"origin": [-8, 16, 29], "size": [2, 5, 2], "uv": [0, 65]},
						{"origin": [6, 12, 23], "size": [2, 9, 2], "pivot": [8, 21, 23], "rotation": [12.5, 0, 0], "uv": [0, 65]},
						{"origin": [-8, 12, 23], "size": [2, 9, 2], "pivot": [8, 21, 23], "rotation": [12.5, 0, 0], "uv": [0, 65]},
						{"origin": [-6, 12, 23], "size": [12, 9, 2], "pivot": [8, 21, 23], "rotation": [12.5, 0, 0], "uv": [28, 117]},
						{"origin": [-8, 13, 19], "size": [2, 8, 2], "uv": [0, 65]},
						{"origin": [5.5, 23.25, -10], "size": [1, 1, 17], "pivot": [0, 19, 0], "rotation": [-19.97467, 4.24307, -3.82073], "uv": [83, 49]},
						{"origin": [-6.5, 24.25, -10], "size": [1, 1, 17], "pivot": [0, 19, 0], "rotation": [-19.97467, -4.2431, -3.82073], "uv": [83, 49]},
						{"origin": [6.5, 21, 7], "size": [1, 1, 19], "pivot": [0, 19, 0], "rotation": [0, -5, 0], "uv": [88, 29]},
						{"origin": [-7.5, 21, 7], "size": [1, 1, 19], "pivot": [0, 19, 0], "rotation": [0, 5, 0], "uv": [88, 29]}
					]
				},
				{
					"name": "head",
					"parent": "body",
					"pivot": [0, 17, -8],
					"cubes": [
						{"origin": [-4, 14, -11], "size": [8, 13, 6], "pivot": [0, 18, -9], "rotation": [12.5, 0, 0], "uv": [0, 14]},
						{"origin": [0, 15, -17], "size": [0, 13, 6], "uv": [99, 6]},
						{"origin": [-3, 27, -13], "size": [6, 6, 8], "pivot": [0, 18, -9], "rotation": [12.5, 0, 0], "uv": [0, 33]},
						{"origin": [3, 31.37926, -9.46303], "size": [2, 2, 1], "pivot": [3, 34, -9], "rotation": [12.92638, -14.63639, -3.31914], "uv": [73, 18], "mirror": true},
						{"origin": [-5, 31.35556, -9.24659], "size": [2, 2, 1], "pivot": [-3, 33, -9], "rotation": [12.92638, 14.63639, 3.31914], "uv": [73, 18]},
						{"origin": [-2, 28, -18], "size": [4, 4, 5], "pivot": [0, 18, -9], "rotation": [12.5, 0, 0], "uv": [0, 47]}
					],
					"locators": {
						"lead": [0, 18, -13]
					}
				},
				{
					"name": "horn",
					"parent": "head",
					"pivot": [2.75, 33.25, -9],
					"rotation": [25.08377, 4.53051, 2.11751],
					"cubes": [
						{"origin": [1.75, 31.82738, -6.09369], "size": [1, 1, 9], "pivot": [-0.25, 17.82738, -9.09369], "rotation": [12.5, 0, 0], "uv": [74, 0]},
						{"origin": [1.75, 34.21187, -1.58353], "size": [1, 5, 1], "pivot": [1.75, 34.82738, -1.09369], "rotation": [-10, 0, 0], "uv": [116, 0]},
						{"origin": [1.75, 36.0724, -0.67763], "size": [1, 5, 1], "pivot": [1.75, 37.07738, -0.09369], "rotation": [-50, 0, 0], "uv": [116, 0]},
						{"origin": [1.75, 34.8224, 0.82237], "size": [1, 3, 1], "pivot": [1.75, 37.07738, -0.09369], "rotation": [-50, 0, 0], "uv": [116, 0]},
						{"origin": [1.75, 36.24985, -2.14941], "size": [1, 3, 1], "pivot": [1.75, 37.32738, -1.09369], "rotation": [42.5, 0, 0], "uv": [116, 0]},
						{"origin": [1.75, 32.82738, -2.09369], "size": [1, 3, 1], "pivot": [-0.25, 17.82738, -9.09369], "rotation": [12.5, 0, 0], "uv": [106, 0]},
						{"origin": [1.75, 35.11981, -5.39479], "size": [1, 1, 2], "pivot": [2.75, 35.82738, -5.09369], "rotation": [40, 0, 0], "uv": [110, 0]},
						{"origin": [1.75, 32.18294, -9.34029], "size": [1, 1, 8], "pivot": [1.75, 32.82738, -9.09369], "rotation": [130, 0, 0], "uv": [74, 0]},
						{"origin": [1.75, 29.18294, -4.34029], "size": [1, 3, 1], "pivot": [1.75, 32.82738, -9.09369], "rotation": [130, 0, 0], "uv": [106, 0]},
						{"origin": [1.75, 25.68294, -6.09029], "size": [1, 3, 1], "pivot": [1.75, 32.82738, -9.09369], "rotation": [172.5, 0, 0], "uv": [106, 0]}
					]
				},
				{
					"name": "horn2",
					"parent": "head",
					"pivot": [-1.25, 33.25, -9],
					"rotation": [25.08377, -4.53051, -2.11751],
					"cubes": [
						{"origin": [-2.25, 31.82738, -6.09369], "size": [1, 1, 9], "pivot": [-4.25, 17.82738, -9.09369], "rotation": [12.5, 0, 0], "uv": [74, 0]},
						{"origin": [-2.25, 34.21187, -1.58353], "size": [1, 5, 1], "pivot": [-2.25, 34.82738, -1.09369], "rotation": [-10, 0, 0], "uv": [116, 0]},
						{"origin": [-2.25, 36.0724, -0.67763], "size": [1, 5, 1], "pivot": [-2.25, 37.07738, -0.09369], "rotation": [-50, 0, 0], "uv": [116, 0]},
						{"origin": [-2.25, 34.8224, 0.82237], "size": [1, 3, 1], "pivot": [-2.25, 37.07738, -0.09369], "rotation": [-50, 0, 0], "uv": [116, 0]},
						{"origin": [-2.25, 36.24985, -2.14941], "size": [1, 3, 1], "pivot": [-2.25, 37.32738, -1.09369], "rotation": [42.5, 0, 0], "uv": [116, 0]},
						{"origin": [-2.25, 32.82738, -2.09369], "size": [1, 3, 1], "pivot": [-4.25, 17.82738, -9.09369], "rotation": [12.5, 0, 0], "uv": [106, 0]},
						{"origin": [-2.25, 35.11981, -5.39479], "size": [1, 1, 2], "pivot": [-1.25, 35.82738, -5.09369], "rotation": [40, 0, 0], "uv": [110, 0]},
						{"origin": [-2.25, 32.18294, -9.34029], "size": [1, 1, 8], "pivot": [-2.25, 32.82738, -9.09369], "rotation": [130, 0, 0], "uv": [74, 0]},
						{"origin": [-2.25, 29.18294, -4.34029], "size": [1, 3, 1], "pivot": [-2.25, 32.82738, -9.09369], "rotation": [130, 0, 0], "uv": [106, 0]},
						{"origin": [-2.25, 25.68294, -6.09029], "size": [1, 3, 1], "pivot": [-2.25, 32.82738, -9.09369], "rotation": [172.5, 0, 0], "uv": [106, 0]}
					]
				},
				{
					"name": "chest1",
					"parent": "body",
					"pivot": [-8.5, 21, 1],
					"rotation": [0, 90, 0]
				},
				{
					"name": "chest2",
					"parent": "body",
					"pivot": [5.5, 21, 1],
					"rotation": [0, 90, 0]
				},
				{
					"name": "leg0",
					"parent": "body",
					"pivot": [-3.5, 14, 4],
					"cubes": [
						{"origin": [-5.5, 0, 4.25], "size": [4, 14, 4], "uv": [44, 44]},
						{"origin": [-6, 0, 3.75], "size": [5, 3, 5], "uv": [64, 28]},
						{"origin": [-6.5, 7, 3.5], "size": [4, 11, 5], "uv": [46, 28], "mirror": true}
					]
				},
				{
					"name": "leg1",
					"parent": "body",
					"pivot": [3.5, 14, 4],
					"cubes": [
						{"origin": [1.5, 0, 4.25], "size": [4, 14, 4], "uv": [44, 44]},
						{"origin": [1, 0, 3.75], "size": [5, 3, 5], "uv": [64, 28]},
						{"origin": [2.5, 7, 3.5], "size": [4, 11, 5], "uv": [46, 28]}
					]
				},
				{
					"name": "leg2",
					"parent": "body",
					"pivot": [-3.5, 14, -7],
					"cubes": [
						{"origin": [-5.5, 0, -9], "size": [4, 14, 4], "uv": [28, 42]},
						{"origin": [-6, 0, -9.5], "size": [5, 3, 5], "uv": [64, 28]},
						{"origin": [-6.5, 7, -8], "size": [4, 9, 5], "uv": [28, 28], "mirror": true}
					]
				},
				{
					"name": "leg3",
					"parent": "body",
					"pivot": [3.5, 14, -7],
					"cubes": [
						{"origin": [1.5, 0, -9], "size": [4, 14, 4], "uv": [28, 42]},
						{"origin": [1, 0, -9.5], "size": [5, 3, 5], "uv": [64, 28]},
						{"origin": [2.5, 7, -8], "size": [4, 9, 5], "uv": [28, 28]}
					]
				}
			]
		}
	]
}