{
	"format_version": "1.10.0",
	"geometry.squid2": {
		"texturewidth": 64,
		"textureheight": 32,
		"visible_bounds_width": 5,
		"visible_bounds_height": 3.5,
		"visible_bounds_offset": [0, 1.25, 0],
		"bones": [
			{
				"name": "body",
				"pivot": [0, 6, 0],
				"rotation": [90, 0, -180],
				"cubes": [
					{"origin": [-6, -2, -6], "size": [12, 16, 12], "uv": [0, 0]}
				],
				"locators": {
					"lead": [0, 6, -5]
				}
			},
			{
				"name": "tentacle1",
				"parent": "body",
				"pivot": [5, -1, 0],
				"rotation": [0, 90, 0],
				"cubes": [
					{"origin": [4, -19, -1], "size": [2, 18, 2], "uv": [48, 0]}
				]
			},
			{
				"name": "tentacle2",
				"parent": "body",
				"pivot": [3.5, -1, 3.5],
				"rotation": [0, 45, 0],
				"cubes": [
					{"origin": [2.5, -19, 2.5], "size": [2, 18, 2], "uv": [48, 0]}
				]
			},
			{
				"name": "tentacle3",
				"parent": "body",
				"pivot": [0, -1, 5],
				"cubes": [
					{"origin": [-1, -19, 4], "size": [2, 18, 2], "uv": [48, 0]}
				]
			},
			{
				"name": "tentacle4",
				"parent": "body",
				"pivot": [-3.5, -1, 3.5],
				"rotation": [0, -45, 0],
				"cubes": [
					{"origin": [-4.5, -19, 2.5], "size": [2, 18, 2], "uv": [48, 0]}
				]
			},
			{
				"name": "tentacle5",
				"parent": "body",
				"pivot": [-5, -1, 0],
				"rotation": [0, -90, 0],
				"cubes": [
					{"origin": [-6, -19, -1], "size": [2, 18, 2], "uv": [48, 0]}
				]
			},
			{
				"name": "tentacle6",
				"parent": "body",
				"pivot": [-3.5, -1, -3.5],
				"rotation": [0, -135, 0],
				"cubes": [
					{"origin": [-4.5, -19, -4.5], "size": [2, 18, 2], "uv": [48, 0]}
				]
			},
			{
				"name": "tentacle7",
				"parent": "body",
				"pivot": [0, -1, -5],
				"rotation": [0, -180, 0],
				"cubes": [
					{"origin": [-1, -19, -6], "size": [2, 18, 2], "uv": [48, 0]}
				]
			},
			{
				"name": "tentacle8",
				"parent": "body",
				"pivot": [3.5, -1, -3.5],
				"rotation": [0, -225, 0],
				"cubes": [
					{"origin": [2.5, -19, -4.5], "size": [2, 18, 2], "uv": [48, 0]}
				]
			}
		]
	}
}