{
	"format_version": "1.16.100",
	"minecraft:item": {
		"description": {
			"identifier": "hn:shadowclone",
			"category": "nature"
		},
		"components": {
			"minecraft:icon": {
				"texture": "HN_shadowclone"
			},
			"minecraft:on_use": {
				"on_use": {
					"event": "activate"
				}
			},
			"minecraft:max_stack_size": 1,
			"minecraft:cooldown": {
			  "category": "shadowclone",
			  "duration": 15
			}
		},
		"events": {
			"activate": {
				"run_command": {
					"command": [
						"function shadowclone"
					]
				}
			}
		}
	}
}