{
  "format_version": "1.8.0",
  "render_controllers": {
		"controller.render.npc_custom_slim": {
			"arrays": {
				"textures": {
					"Array.skins": [ 
						"Texture.custom0",
						"Texture.custom1",
						"Texture.custom2",
						"Texture.custom3",
						"Texture.custom4",
						"Texture.custom5",
						"Texture.custom6",
						"Texture.custom7",
						"Texture.custom8",
						"Texture.custom9",
						"Texture.custom10",
						"Texture.custom11",
						"Texture.custom12",
						"Texture.custom13",
						"Texture.custom14",
						"Texture.custom15",
						"Texture.custom16",
						"Texture.custom17",
						"Texture.custom18",
						"Texture.custom19",
						"Texture.custom20"
					]
				},
				"geometries":{
				"array.geos":[
				"geometry.custom0",
				"geometry.custom1",
				"geometry.custom2",
				"geometry.custom3",
				"geometry.custom4",
				"geometry.custom5",
				"geometry.custom6",
				"geometry.custom7",
				"geometry.custom8",
				"geometry.custom9",
				"geometry.custom10",
				"geometry.custom11",
				"geometry.custom12",
				"geometry.custom13",
				"geometry.custom14",
				"geometry.custom15",
				"geometry.custom16",
				"geometry.custom17",
				"geometry.custom18",
				"geometry.custom19",
				"geometry.custom20"
				]		
				}
		},
			"geometry": "Array.geos[query.variant]",
			"materials": [ { "*": "Material.default" } ],
			"textures": [ "Array.skins[query.variant]" ]
		}
	}
}
