{
	"resource_pack_name": "Husky's Custom Items",
	"texture_name": "atlas.items",
	"texture_data": {
		"HN_tsorb": {
			"textures": "textures/items/tsorb"
		},
		"HN_tsorbone": {
			"textures": "textures/items/tsorbone"
		},
		"HN_tsorbtwo": {
			"textures": "textures/items/tsorbtwo"
		},
		"HN_tsorbthree": {
			"textures": "textures/items/tsorbthree"
		},
		"HN_tailedbeast": {
			"textures": "textures/items/tailedbeast"
		},
		"HN_tailedbeastone": {
			"textures": "textures/items/tailedbeastone"
		},
		"HN_tailedbeasttwo": {
			"textures": "textures/items/tailedbeasttwo"
		},
		"HN_tailedbeastthree": {
			"textures": "textures/items/tailedbeastthree"
		},
		"HN_tailedbeastfour": {
			"textures": "textures/items/tailedbeastfour"
		},
		"HN_tailedbeastfive": {
			"textures": "textures/items/tailedbeastfive"
		}
	}
}