{
	"resource_pack_name": "Husky's Custom Items",
	"texture_name": "atlas.items",
	"texture_data": {
		"HN_medical": {
			"textures": "textures/items/medical"
		},
		"HN_summon": {
			"textures": "textures/items/summon"
		},
		"HN_firescroll": {
			"textures": "textures/items/firescroll"
		},
		"HN_sealscroll": {
			"textures": "textures/items/sealscroll"
		},
		"HN_kekkei": {
			"textures": "textures/items/kekkei"
		},
		"HN_kekkeitwo": {
			"textures": "textures/items/kekkeitwo"
		},
		"HN_kekkeithree": {
			"textures": "textures/items/kekkeithree"
		},
		"HN_kekkeifour": {
			"textures": "textures/items/kekkeifour"
		},
		"HN_kekkeifive": {
			"textures": "textures/items/kekkeifive"
		},
		"HN_chakra": {
			"textures": "textures/items/chakra"
		},
		"HN_chakramoveone": {
			"textures": "textures/items/chakramoveone"
		},
		"HN_chakramovetwo": {
			"textures": "textures/items/chakramovetwo"
		},
		"HN_chakramovethree": {
			"textures": "textures/items/chakramovethree"
		},
		"HN_mode": {
			"textures": "textures/items/mode"
		},
		"HN_medicalone": {
			"textures": "textures/items/medicalone"
		},
		"HN_medicaltwo": {
			"textures": "textures/items/medicaltwo"
		},
		"HN_medicalthree": {
			"textures": "textures/items/medicalthree"
		},
		"HN_medicalscroll": {
			"textures": "textures/items/medicalscroll"
		},
		"HN_genjutsuone": {
			"textures": "textures/items/genjutsuone"
		},
		"HN_genjutsutwo": {
			"textures": "textures/items/genjutsutwo"
		},
		"HN_genjutsuthree": {
			"textures": "textures/items/genjutsuthree"
		},
		"HN_sealingone": {
			"textures": "textures/items/sealingone"
		},
		"HN_sealingtwo": {
			"textures": "textures/items/sealingtwo"
		},
		"HN_sealingthree": {
			"textures": "textures/items/sealingthree"
		},
		"HN_scroll": {
			"textures": "textures/items/scroll"
		},
		"HN_radio": {
			"textures": "textures/items/radio"
		}
	}
}